Years,Frequency,Percentage,Cum.
2019,194,51.59574468085106,194
2018,182,48.40425531914894,376
